Question,Answer
"What undergraduate courses do you offer?","We offer undergraduate programs in Engineering, Business Administration, Computer Science, Medicine, Law, Arts, and more. Visit our courses page for a full list."
"What postgraduate courses are available?","Our postgraduate offerings include Master's programs in Data Science, Business Management, Engineering, Medicine, and more. Explore our postgraduate catalog for details."
"Do you offer diploma or certificate programs?","Yes, we offer short-term diploma and certificate programs in areas like Digital Marketing, Graphic Design, Project Management, and more."
"What is the duration of undergraduate programs?","Most undergraduate programs take 3-4 years to complete, depending on the field of study and course structure."
"How much are the tuition fees for undergraduate courses?","Tuition fees for undergraduate programs range from $10,000 to $15,000 per year, depending on the course and program."
"What are the tuition fees for postgraduate programs?","Postgraduate tuition fees range from $15,000 to $25,000 per year. Specialized courses may have higher fees."
"Are there any additional costs besides tuition?","Yes, additional costs may include lab fees, accommodation, health insurance, and textbook expenses. These vary by program."
"Do you have scholarships for international students?","Yes, we offer several scholarships for international students based on academic merit, sports achievements, and financial need."
"What are the eligibility criteria for scholarships?","Scholarship criteria vary by program but generally include academic excellence, extracurricular achievements, and financial need. Specific details are available on our scholarships page."
"How do I apply for a scholarship?","You can apply for scholarships through our online portal after submitting your admission application. Some scholarships may require additional documents like essays or recommendation letters."
"Do you offer installment plans for tuition fees?","Yes, we provide flexible payment plans to help students pay tuition fees in installments. Contact our financial aid office for more details."
"What are the admission requirements for undergraduate courses?","You need to submit high school transcripts, standardized test scores (SAT/ACT), and proof of English proficiency (TOEFL/IELTS). Some programs may have additional requirements."
"What are the admission requirements for postgraduate courses?","Postgraduate applicants need a bachelor's degree, academic transcripts, letters of recommendation, and a statement of purpose. Some programs may require work experience."
"Do I need to take an entrance exam?","Some programs require entrance exams such as GRE, GMAT, or specific departmental tests. Check the program's requirements for details."
"What is the application process for international students?","International students should submit an online application, upload required documents, and pay the application fee. Additionally, a student visa and English proficiency test are necessary."
"What is the deadline to apply?","The application deadlines vary by program and semester. Fall semester deadlines are typically June 30, and Spring semester deadlines are November 30."
"What documents are needed for admission?","Required documents include academic transcripts, proof of identity, standardized test scores, English proficiency test results, and recommendation letters."
"Is there an application fee?","Yes, the application fee is $50 for undergraduate applications and $75 for postgraduate applications. Waivers may be available for eligible students."
"How long does it take to process an application?","Application processing typically takes 4-6 weeks. International applications may take longer due to visa requirements."
"Do you offer distance learning programs?","Yes, we offer a variety of online programs in fields like Business, IT, and Healthcare. Visit our online learning page for more details."
"Can I transfer credits from another institution?","Yes, we accept transfer credits from accredited institutions. Submit your transcripts for evaluation during the application process."
"Do you provide campus tours?","Yes, prospective students can schedule campus tours online or attend open house events to explore our facilities."
"What support services do you offer for students?","We offer academic advising, career counseling, mental health support, tutoring, and more to ensure student success."
"Do you provide student accommodation?","Yes, we offer on-campus housing, including dormitories and apartments. Off-campus housing options are also available nearby."
"What is the cost of accommodation?","Accommodation costs range from $5,000 to $8,000 per year, depending on the type of housing chosen."
"Is health insurance mandatory?","Yes, all students are required to have health insurance. You can enroll in our university's health plan or provide proof of private insurance."
"What is the average class size?","The average class size is 25-30 students, ensuring personalized attention and interactive learning."
"What is the student-to-faculty ratio?","Our student-to-faculty ratio is 20:1, which allows for strong engagement and support from faculty members."
"Do you offer internships as part of your programs?","Yes, many programs include internship opportunities to provide hands-on experience in your field of study."
"What career services are available?","Our career center offers resume writing assistance, interview preparation, job fairs, and connections with industry recruiters."
"Are there part-time work opportunities for students?","Yes, students can work part-time on-campus or off-campus with a valid work permit. International students should check visa regulations."
"What is your policy on deferring admission?","Admitted students can defer their admission for up to one year. Submit a deferral request through our admissions office."
"Do you have a refund policy for tuition fees?","Yes, tuition refunds are available if you withdraw before the semester starts or within the initial add/drop period. Contact the finance office for details."
"What are the English proficiency requirements?","For most programs, a minimum TOEFL score of 80 or IELTS score of 6.5 is required. Some programs may have higher requirements."
"What sports facilities do you have?","Our campus has facilities for football, basketball, swimming, tennis, and more. We also have a fully equipped gym and fitness center."
"Do you have student clubs and organizations?","Yes, we have over 50 student clubs and organizations, including academic, cultural, and recreational groups."
"How diverse is your student community?","Our university is home to students from over 80 countries, creating a vibrant and inclusive community."
"Do you provide transportation services?","Yes, we offer shuttle services around campus and nearby areas. Public transportation is also easily accessible."
"Where can I get more information?","Visit our website, email us at info@universityname.edu, or call our admissions office at +123-456-7890 for assistance."
